Sprint_ID,Project_ID,Sprint_Number,Planned_Story_Points,Completed_Story_Points,Completion_Rate_Pct,Velocity,Bugs_Raised,Bugs_Resolved,Open_Defects_Accumulated
SPT-0001,PRJ-1002,Sprint 1,51,54,105.9,44.5,1,1,0
SPT-0002,PRJ-1004,Sprint 1,59,51,86.4,18.0,4,1,3
SPT-0003,PRJ-1006,Sprint 1,62,56,90.3,12.8,9,7,2
SPT-0004,PRJ-1007,Sprint 1,42,41,97.6,39.3,3,3,0
SPT-0005,PRJ-1008,Sprint 1,42,34,81.0,21.3,7,5,2
SPT-0006,PRJ-1009,Sprint 1,53,56,105.7,40.6,2,2,0
SPT-0007,PRJ-1010,Sprint 1,47,49,104.3,45.7,1,1,0
SPT-0008,PRJ-1011,Sprint 1,58,57,98.3,48.2,3,2,1
SPT-0009,PRJ-1012,Sprint 1,45,40,88.9,41.9,1,0,1
SPT-0010,PRJ-1013,Sprint 1,57,57,100.0,55.4,1,1,0
SPT-0011,PRJ-1014,Sprint 1,47,41,87.2,22.2,7,5,2
SPT-0012,PRJ-1015,Sprint 1,50,49,98.0,48.4,3,2,1
SPT-0013,PRJ-1016,Sprint 1,53,50,94.3,40.5,4,3,1
SPT-0014,PRJ-1017,Sprint 1,59,54,91.5,37.8,1,1,0
SPT-0015,PRJ-1019,Sprint 1,61,63,103.3,41.8,1,1,0
SPT-0016,PRJ-1020,Sprint 1,40,42,105.0,43.0,4,4,0
SPT-0017,PRJ-1021,Sprint 1,48,42,87.5,16.6,9,7,2
SPT-0018,PRJ-1024,Sprint 1,63,62,98.4,30.8,2,1,1
SPT-0019,PRJ-1026,Sprint 1,46,45,97.8,38.7,1,0,1
SPT-0020,PRJ-1027,Sprint 1,55,49,89.1,21.4,4,1,3
SPT-0021,PRJ-1029,Sprint 1,55,55,100.0,41.4,3,3,0
SPT-0022,PRJ-1030,Sprint 1,42,34,81.0,18.4,9,7,2
SPT-0023,PRJ-1031,Sprint 1,57,55,96.5,33.3,1,1,0
SPT-0024,PRJ-1032,Sprint 1,37,34,91.9,45.3,2,1,1
SPT-0025,PRJ-1033,Sprint 1,57,50,87.7,21.4,4,1,3
SPT-0026,PRJ-1034,Sprint 1,57,51,89.5,21.1,7,5,2
SPT-0027,PRJ-1035,Sprint 1,42,34,81.0,22.4,4,1,3
SPT-0028,PRJ-1036,Sprint 1,60,58,96.7,54.3,1,1,0
SPT-0029,PRJ-1038,Sprint 1,63,62,98.4,40.2,2,1,1
SPT-0030,PRJ-1039,Sprint 1,59,53,89.8,15.6,9,5,4
SPT-0031,PRJ-1040,Sprint 1,39,35,89.7,37.1,1,1,0
SPT-0032,PRJ-1041,Sprint 1,58,56,96.6,44.6,2,1,1
SPT-0033,PRJ-1043,Sprint 1,49,47,95.9,34.2,1,1,0
SPT-0034,PRJ-1044,Sprint 1,38,29,76.3,16.3,9,6,3
SPT-0035,PRJ-1045,Sprint 1,46,38,82.6,16.2,6,4,2
SPT-0036,PRJ-1047,Sprint 1,42,42,100.0,36.9,3,3,0
SPT-0037,PRJ-1048,Sprint 1,52,54,103.8,47.9,3,3,0
SPT-0038,PRJ-1050,Sprint 1,44,39,88.6,47.2,3,3,0
SPT-0039,PRJ-1051,Sprint 1,51,49,96.1,37.6,4,3,1
SPT-0040,PRJ-1052,Sprint 1,60,54,90.0,11.4,7,4,3
SPT-0041,PRJ-1053,Sprint 1,38,37,97.4,45.1,2,2,0
SPT-0042,PRJ-1054,Sprint 1,37,28,75.7,22.4,4,1,3
SPT-0043,PRJ-1055,Sprint 1,64,64,100.0,36.0,2,1,1
SPT-0044,PRJ-1056,Sprint 1,53,54,101.9,48.4,3,3,0
SPT-0045,PRJ-1057,Sprint 1,65,61,93.8,43.0,1,1,0
SPT-0046,PRJ-1059,Sprint 1,41,36,87.8,21.4,4,1,3
SPT-0047,PRJ-1060,Sprint 1,51,50,98.0,41.3,4,3,1
SPT-0048,PRJ-1062,Sprint 1,37,34,91.9,33.1,3,3,0
SPT-0049,PRJ-1063,Sprint 1,51,49,96.1,46.3,2,1,1
SPT-0050,PRJ-1064,Sprint 1,55,51,92.7,44.9,3,2,1
SPT-0051,PRJ-1065,Sprint 1,62,60,96.8,44.3,1,1,0
SPT-0052,PRJ-1066,Sprint 1,48,44,91.7,41.6,4,4,0
SPT-0053,PRJ-1067,Sprint 1,58,52,89.7,22.2,4,2,2
SPT-0054,PRJ-1068,Sprint 1,57,56,98.2,46.6,3,3,0
SPT-0055,PRJ-1071,Sprint 1,50,43,86.0,19.2,8,4,4
SPT-0056,PRJ-1072,Sprint 1,60,64,106.7,33.8,3,3,0
SPT-0057,PRJ-1073,Sprint 1,46,40,87.0,22.8,9,6,3
SPT-0058,PRJ-1074,Sprint 1,58,54,93.1,39.0,1,0,1
SPT-0059,PRJ-1076,Sprint 1,43,45,104.7,46.4,1,1,0
SPT-0060,PRJ-1077,Sprint 1,53,48,90.6,20.4,7,4,3
SPT-0061,PRJ-1079,Sprint 1,51,51,100.0,36.8,1,0,1
SPT-0062,PRJ-1080,Sprint 1,40,33,82.5,19.5,5,2,3
SPT-0063,PRJ-1081,Sprint 1,59,55,93.2,49.1,1,1,0
SPT-0064,PRJ-1083,Sprint 1,35,30,85.7,21.7,4,2,2
SPT-0065,PRJ-1084,Sprint 1,36,28,77.8,21.0,6,3,3
SPT-0066,PRJ-1085,Sprint 1,64,61,95.3,40.1,2,2,0
SPT-0067,PRJ-1088,Sprint 1,64,65,101.6,38.8,2,1,1
SPT-0068,PRJ-1089,Sprint 1,64,67,104.7,39.7,2,2,0
SPT-0069,PRJ-1090,Sprint 1,37,28,75.7,14.4,6,4,2
SPT-0070,PRJ-1091,Sprint 1,51,46,90.2,20.1,5,3,2
SPT-0071,PRJ-1092,Sprint 1,60,55,91.7,45.6,4,4,0
SPT-0072,PRJ-1093,Sprint 1,62,61,98.4,32.7,3,2,1
SPT-0073,PRJ-1094,Sprint 1,49,44,89.8,20.5,6,4,2
SPT-0074,PRJ-1095,Sprint 1,44,43,97.7,31.5,2,1,1
SPT-0075,PRJ-1096,Sprint 1,50,44,88.0,21.4,9,5,4
SPT-0076,PRJ-1097,Sprint 1,59,53,89.8,14.5,5,3,2
SPT-0077,PRJ-1098,Sprint 1,64,65,101.6,45.6,1,1,0
SPT-0078,PRJ-1099,Sprint 1,55,50,90.9,21.1,6,4,2
SPT-0079,PRJ-1100,Sprint 1,59,62,105.1,53.5,2,2,0
SPT-0080,PRJ-1101,Sprint 1,58,51,87.9,13.3,4,2,2
SPT-0081,PRJ-1102,Sprint 1,51,45,88.2,12.1,7,4,3
SPT-0082,PRJ-1103,Sprint 1,65,63,96.9,46.6,1,1,0
SPT-0083,PRJ-1104,Sprint 1,37,32,86.5,38.6,2,1,1
SPT-0084,PRJ-1105,Sprint 1,46,48,104.3,34.7,1,1,0
SPT-0085,PRJ-1107,Sprint 1,55,56,101.8,37.2,1,1,0
SPT-0086,PRJ-1108,Sprint 1,65,59,90.8,17.5,5,2,3
SPT-0087,PRJ-1109,Sprint 1,43,36,83.7,18.0,7,3,4
SPT-0088,PRJ-1111,Sprint 1,61,54,88.5,11.1,6,3,3
SPT-0089,PRJ-1112,Sprint 1,43,42,97.7,39.7,1,1,0
SPT-0090,PRJ-1114,Sprint 1,39,30,76.9,16.1,4,2,2
SPT-0091,PRJ-1115,Sprint 1,38,32,84.2,16.6,7,4,3
SPT-0092,PRJ-1116,Sprint 1,45,46,102.2,50.7,1,1,0
SPT-0093,PRJ-1117,Sprint 1,65,63,96.9,33.1,4,3,1
SPT-0094,PRJ-1118,Sprint 1,62,57,91.9,12.2,4,2,2
SPT-0095,PRJ-1119,Sprint 1,60,53,88.3,11.7,9,5,4
SPT-0096,PRJ-1120,Sprint 1,54,49,90.7,43.0,2,1,1
SPT-0097,PRJ-1122,Sprint 1,57,55,96.5,37.9,3,2,1
SPT-0098,PRJ-1123,Sprint 1,56,55,98.2,37.5,3,3,0
SPT-0099,PRJ-1124,Sprint 1,47,49,104.3,39.9,2,2,0
SPT-0100,PRJ-1125,Sprint 1,60,57,95.0,47.1,1,1,0
SPT-0101,PRJ-1126,Sprint 1,59,57,96.6,40.9,2,2,0
SPT-0102,PRJ-1127,Sprint 1,46,49,106.5,54.6,3,3,0
SPT-0103,PRJ-1128,Sprint 1,37,36,97.3,37.3,1,1,0
SPT-0104,PRJ-1129,Sprint 1,41,33,80.5,11.9,5,3,2
SPT-0105,PRJ-1130,Sprint 1,63,67,106.3,37.4,2,2,0
SPT-0106,PRJ-1131,Sprint 1,65,57,87.7,12.4,4,2,2
SPT-0107,PRJ-1132,Sprint 1,64,65,101.6,34.3,4,3,1
SPT-0108,PRJ-1133,Sprint 1,56,48,85.7,16.3,5,2,3
SPT-0109,PRJ-1134,Sprint 1,41,38,92.7,48.5,3,2,1
SPT-0110,PRJ-1135,Sprint 1,39,37,94.9,44.3,3,3,0
SPT-0111,PRJ-1136,Sprint 1,42,41,97.6,38.3,4,3,1
SPT-0112,PRJ-1138,Sprint 1,50,48,96.0,48.7,1,1,0
SPT-0113,PRJ-1139,Sprint 1,39,40,102.6,44.8,1,1,0
SPT-0114,PRJ-1140,Sprint 1,60,58,96.7,40.1,1,0,1
SPT-0115,PRJ-1141,Sprint 1,46,38,82.6,21.3,8,5,3
SPT-0116,PRJ-1142,Sprint 1,46,46,100.0,43.3,4,3,1
SPT-0117,PRJ-1143,Sprint 1,45,47,104.4,42.1,1,1,0
SPT-0118,PRJ-1144,Sprint 1,60,53,88.3,14.6,4,1,3
SPT-0119,PRJ-1145,Sprint 1,51,51,100.0,31.8,2,2,0
SPT-0120,PRJ-1146,Sprint 1,56,50,89.3,20.4,6,2,4
SPT-0121,PRJ-1147,Sprint 1,61,65,106.6,45.0,3,3,0
SPT-0122,PRJ-1148,Sprint 1,65,59,90.8,11.7,8,5,3
SPT-0123,PRJ-1149,Sprint 1,46,43,93.5,39.1,2,2,0
SPT-0124,PRJ-1150,Sprint 1,60,60,100.0,39.2,1,0,1
SPT-0125,PRJ-1002,Sprint 2,53,52,98.1,48.5,3,3,0
SPT-0126,PRJ-1004,Sprint 2,61,51,83.6,16.8,8,5,3
SPT-0127,PRJ-1006,Sprint 2,40,30,75.0,11.6,4,2,2
SPT-0128,PRJ-1007,Sprint 2,36,35,97.2,38.8,3,3,0
SPT-0129,PRJ-1008,Sprint 2,51,41,80.4,20.1,4,1,3
SPT-0130,PRJ-1009,Sprint 2,64,66,103.1,41.5,1,1,0
SPT-0131,PRJ-1010,Sprint 2,45,42,93.3,43.4,3,3,0
SPT-0132,PRJ-1011,Sprint 2,53,50,94.3,48.3,1,0,1
SPT-0133,PRJ-1012,Sprint 2,46,47,102.2,39.9,1,0,1
SPT-0134,PRJ-1013,Sprint 2,39,38,97.4,56.1,3,3,0
SPT-0135,PRJ-1014,Sprint 2,60,50,83.3,21.0,9,6,3
SPT-0136,PRJ-1015,Sprint 2,40,40,100.0,48.7,2,2,0
SPT-0137,PRJ-1016,Sprint 2,58,57,98.3,39.5,2,2,0
SPT-0138,PRJ-1017,Sprint 2,65,66,101.5,37.6,1,1,0
SPT-0139,PRJ-1019,Sprint 2,64,62,96.9,37.0,1,0,1
SPT-0140,PRJ-1020,Sprint 2,58,54,93.1,42.9,2,1,1
SPT-0141,PRJ-1021,Sprint 2,40,33,82.5,15.4,9,5,4
SPT-0142,PRJ-1024,Sprint 2,55,55,100.0,31.8,4,4,0
SPT-0143,PRJ-1026,Sprint 2,42,38,90.5,39.4,3,2,1
SPT-0144,PRJ-1027,Sprint 2,58,51,87.9,20.2,4,1,3
SPT-0145,PRJ-1029,Sprint 2,49,52,106.1,42.7,2,2,0
SPT-0146,PRJ-1030,Sprint 2,63,53,84.1,17.2,7,4,3
SPT-0147,PRJ-1031,Sprint 2,46,48,104.3,32.7,2,2,0
SPT-0148,PRJ-1032,Sprint 2,50,48,96.0,45.6,2,1,1
SPT-0149,PRJ-1033,Sprint 2,62,55,88.7,20.2,6,4,2
SPT-0150,PRJ-1034,Sprint 2,45,36,80.0,19.9,4,2,2
SPT-0151,PRJ-1035,Sprint 2,45,37,82.2,21.2,7,5,2
SPT-0152,PRJ-1036,Sprint 2,58,56,96.6,57.4,3,3,0
SPT-0153,PRJ-1038,Sprint 2,37,37,100.0,38.2,4,4,0
SPT-0154,PRJ-1039,Sprint 2,55,47,85.5,14.4,8,5,3
SPT-0155,PRJ-1040,Sprint 2,40,35,87.5,35.7,1,0,1
SPT-0156,PRJ-1041,Sprint 2,41,42,102.4,42.7,3,2,1
SPT-0157,PRJ-1043,Sprint 2,38,33,86.8,34.3,4,3,1
SPT-0158,PRJ-1044,Sprint 2,46,39,84.8,15.1,7,5,2
SPT-0159,PRJ-1045,Sprint 2,44,33,75.0,15.0,7,5,2
SPT-0160,PRJ-1047,Sprint 2,38,36,94.7,37.4,1,1,0
SPT-0161,PRJ-1048,Sprint 2,44,42,95.5,48.5,2,2,0
SPT-0162,PRJ-1050,Sprint 2,44,45,102.3,49.5,4,3,1
SPT-0163,PRJ-1051,Sprint 2,43,39,90.7,35.9,4,4,0
SPT-0164,PRJ-1052,Sprint 2,47,38,80.9,10.2,5,2,3
SPT-0165,PRJ-1053,Sprint 2,36,36,100.0,44.2,2,2,0
SPT-0166,PRJ-1054,Sprint 2,42,33,78.6,21.2,8,6,2
SPT-0167,PRJ-1055,Sprint 2,39,35,89.7,35.6,1,0,1
SPT-0168,PRJ-1056,Sprint 2,48,46,95.8,48.7,1,0,1
SPT-0169,PRJ-1057,Sprint 2,48,50,104.2,44.7,2,1,1
SPT-0170,PRJ-1059,Sprint 2,47,40,85.1,20.2,8,4,4
SPT-0171,PRJ-1060,Sprint 2,63,60,95.2,38.1,1,0,1
SPT-0172,PRJ-1062,Sprint 2,40,38,95.0,31.5,2,2,0
SPT-0173,PRJ-1063,Sprint 2,37,38,102.7,49.0,2,2,0
SPT-0174,PRJ-1064,Sprint 2,43,43,100.0,42.8,1,1,0
SPT-0175,PRJ-1065,Sprint 2,47,47,100.0,49.3,3,2,1
SPT-0176,PRJ-1066,Sprint 2,35,36,102.9,40.6,1,0,1
SPT-0177,PRJ-1067,Sprint 2,53,42,79.2,21.0,8,6,2
SPT-0178,PRJ-1068,Sprint 2,64,62,96.9,50.4,3,3,0
SPT-0179,PRJ-1071,Sprint 2,60,51,85.0,18.0,8,5,3
SPT-0180,PRJ-1072,Sprint 2,63,64,101.6,34.4,2,2,0
SPT-0181,PRJ-1073,Sprint 2,50,39,78.0,21.6,8,5,3
SPT-0182,PRJ-1074,Sprint 2,36,33,91.7,35.1,3,2,1
SPT-0183,PRJ-1076,Sprint 2,54,57,105.6,47.1,3,3,0
SPT-0184,PRJ-1077,Sprint 2,47,38,80.9,19.2,9,7,2
SPT-0185,PRJ-1079,Sprint 2,36,38,105.6,31.7,3,2,1
SPT-0186,PRJ-1080,Sprint 2,61,52,85.2,18.3,6,3,3
SPT-0187,PRJ-1081,Sprint 2,61,63,103.3,45.5,1,1,0
SPT-0188,PRJ-1083,Sprint 2,58,48,82.8,20.5,6,3,3
SPT-0189,PRJ-1084,Sprint 2,58,48,82.8,19.8,8,4,4
SPT-0190,PRJ-1085,Sprint 2,37,35,94.6,42.3,4,4,0
SPT-0191,PRJ-1088,Sprint 2,48,50,104.2,40.4,3,3,0
SPT-0192,PRJ-1089,Sprint 2,40,38,95.0,41.8,2,2,0
SPT-0193,PRJ-1090,Sprint 2,47,39,83.0,13.2,8,4,4
SPT-0194,PRJ-1091,Sprint 2,35,27,77.1,18.9,5,3,2
SPT-0195,PRJ-1092,Sprint 2,61,56,91.8,43.0,2,2,0
SPT-0196,PRJ-1093,Sprint 2,64,64,100.0,34.4,2,1,1
SPT-0197,PRJ-1094,Sprint 2,49,38,77.6,19.3,7,3,4
SPT-0198,PRJ-1095,Sprint 2,64,60,93.8,31.5,1,1,0
SPT-0199,PRJ-1096,Sprint 2,54,44,81.5,20.2,5,2,3
SPT-0200,PRJ-1097,Sprint 2,53,42,79.2,13.3,6,3,3
SPT-0201,PRJ-1098,Sprint 2,40,39,97.5,42.6,1,0,1
SPT-0202,PRJ-1099,Sprint 2,36,28,77.8,19.9,8,6,2
SPT-0203,PRJ-1100,Sprint 2,62,61,98.4,50.4,3,3,0
SPT-0204,PRJ-1101,Sprint 2,41,32,78.0,12.1,9,6,3
SPT-0205,PRJ-1102,Sprint 2,51,44,86.3,10.9,9,7,2
SPT-0206,PRJ-1103,Sprint 2,50,49,98.0,43.9,3,3,0
SPT-0207,PRJ-1104,Sprint 2,60,55,91.7,38.1,2,1,1
SPT-0208,PRJ-1105,Sprint 2,65,64,98.5,37.1,3,2,1
SPT-0209,PRJ-1107,Sprint 2,62,62,100.0,35.9,4,3,1
SPT-0210,PRJ-1108,Sprint 2,44,33,75.0,16.3,8,5,3
SPT-0211,PRJ-1109,Sprint 2,53,46,86.8,16.8,4,1,3
SPT-0212,PRJ-1111,Sprint 2,56,47,83.9,10.0,8,4,4
SPT-0213,PRJ-1112,Sprint 2,54,56,103.7,36.5,2,2,0
SPT-0214,PRJ-1114,Sprint 2,38,28,73.7,14.9,4,1,3
SPT-0215,PRJ-1115,Sprint 2,43,34,79.1,15.4,6,3,3
SPT-0216,PRJ-1116,Sprint 2,55,58,105.5,49.5,3,3,0
SPT-0217,PRJ-1117,Sprint 2,39,37,94.9,34.3,1,0,1
SPT-0218,PRJ-1118,Sprint 2,56,48,85.7,11.0,9,7,2
SPT-0219,PRJ-1119,Sprint 2,55,45,81.8,10.5,6,3,3
SPT-0220,PRJ-1120,Sprint 2,64,65,101.6,46.5,4,3,1
SPT-0221,PRJ-1122,Sprint 2,53,51,96.2,38.9,3,3,0
SPT-0222,PRJ-1123,Sprint 2,55,57,103.6,42.4,3,2,1
SPT-0223,PRJ-1124,Sprint 2,61,58,95.1,39.9,3,3,0
SPT-0224,PRJ-1125,Sprint 2,58,57,98.3,50.6,2,1,1
SPT-0225,PRJ-1126,Sprint 2,42,42,100.0,38.5,2,1,1
SPT-0226,PRJ-1127,Sprint 2,63,63,100.0,51.2,2,2,0
SPT-0227,PRJ-1128,Sprint 2,44,46,104.5,31.6,1,0,1
SPT-0228,PRJ-1129,Sprint 2,55,44,80.0,10.7,8,4,4
SPT-0229,PRJ-1130,Sprint 2,37,38,102.7,39.3,1,1,0
SPT-0230,PRJ-1131,Sprint 2,62,52,83.9,11.2,8,5,3
SPT-0231,PRJ-1132,Sprint 2,48,43,89.6,40.1,2,2,0
SPT-0232,PRJ-1133,Sprint 2,45,35,77.8,15.1,8,5,3
SPT-0233,PRJ-1134,Sprint 2,39,39,100.0,48.7,2,2,0
SPT-0234,PRJ-1135,Sprint 2,55,54,98.2,44.4,2,2,0
SPT-0235,PRJ-1136,Sprint 2,35,37,105.7,37.6,3,3,0
SPT-0236,PRJ-1138,Sprint 2,40,42,105.0,49.7,1,1,0
SPT-0237,PRJ-1139,Sprint 2,59,63,106.8,42.2,1,1,0
SPT-0238,PRJ-1140,Sprint 2,48,49,102.1,41.2,4,3,1
SPT-0239,PRJ-1141,Sprint 2,47,40,85.1,20.1,4,1,3
SPT-0240,PRJ-1142,Sprint 2,41,41,100.0,46.7,1,0,1
SPT-0241,PRJ-1143,Sprint 2,51,50,98.0,45.4,1,1,0
SPT-0242,PRJ-1144,Sprint 2,55,47,85.5,13.4,5,1,4
SPT-0243,PRJ-1145,Sprint 2,63,63,100.0,31.8,3,3,0
SPT-0244,PRJ-1146,Sprint 2,51,40,78.4,19.2,6,4,2
SPT-0245,PRJ-1147,Sprint 2,37,41,110.8,46.2,1,1,0
SPT-0246,PRJ-1148,Sprint 2,44,34,77.3,10.5,9,5,4
SPT-0247,PRJ-1149,Sprint 2,54,54,100.0,37.6,4,4,0
SPT-0248,PRJ-1150,Sprint 2,63,65,103.2,34.5,3,3,0
SPT-0249,PRJ-1002,Sprint 3,64,68,106.2,43.9,2,2,0
SPT-0250,PRJ-1004,Sprint 3,42,31,73.8,15.6,5,1,4
SPT-0251,PRJ-1006,Sprint 3,35,21,60.0,10.4,8,6,2
SPT-0252,PRJ-1007,Sprint 3,38,38,100.0,41.0,3,3,0
SPT-0253,PRJ-1008,Sprint 3,36,23,63.9,18.9,9,6,3
SPT-0254,PRJ-1009,Sprint 3,59,61,103.4,37.7,3,3,0
SPT-0255,PRJ-1010,Sprint 3,36,32,88.9,47.4,1,1,0
SPT-0256,PRJ-1011,Sprint 3,48,50,104.2,45.8,4,4,0
SPT-0257,PRJ-1012,Sprint 3,50,47,94.0,39.9,2,2,0
SPT-0258,PRJ-1013,Sprint 3,56,54,96.4,54.0,3,3,0
SPT-0259,PRJ-1014,Sprint 3,54,40,74.1,19.8,9,7,2
SPT-0260,PRJ-1015,Sprint 3,48,44,91.7,47.1,1,0,1
SPT-0261,PRJ-1016,Sprint 3,38,40,105.3,39.8,2,2,0
SPT-0262,PRJ-1017,Sprint 3,61,59,96.7,35.8,3,2,1
SPT-0263,PRJ-1019,Sprint 3,36,38,105.6,38.2,2,1,1
SPT-0264,PRJ-1020,Sprint 3,35,30,85.7,42.0,1,1,0
SPT-0265,PRJ-1021,Sprint 3,56,43,76.8,14.2,5,3,2
SPT-0266,PRJ-1024,Sprint 3,59,55,93.2,34.1,1,0,1
SPT-0267,PRJ-1026,Sprint 3,49,48,98.0,35.0,3,2,1
SPT-0268,PRJ-1027,Sprint 3,61,50,82.0,19.0,4,1,3
SPT-0269,PRJ-1029,Sprint 3,46,50,108.7,39.5,3,3,0
SPT-0270,PRJ-1030,Sprint 3,58,48,82.8,16.0,4,2,2
SPT-0271,PRJ-1031,Sprint 3,35,39,111.4,35.5,1,1,0
SPT-0272,PRJ-1032,Sprint 3,40,40,100.0,50.9,3,2,1
SPT-0273,PRJ-1033,Sprint 3,43,33,76.7,19.0,6,3,3
SPT-0274,PRJ-1034,Sprint 3,40,30,75.0,18.7,7,4,3
SPT-0275,PRJ-1035,Sprint 3,65,52,80.0,20.0,6,3,3
SPT-0276,PRJ-1036,Sprint 3,57,61,107.0,56.7,2,2,0
SPT-0277,PRJ-1038,Sprint 3,55,52,94.5,39.8,1,1,0
SPT-0278,PRJ-1039,Sprint 3,36,25,69.4,13.2,4,1,3
SPT-0279,PRJ-1040,Sprint 3,64,66,103.1,38.2,4,4,0
SPT-0280,PRJ-1041,Sprint 3,59,59,100.0,43.8,1,1,0
SPT-0281,PRJ-1043,Sprint 3,50,46,92.0,33.7,4,3,1
SPT-0282,PRJ-1044,Sprint 3,43,31,72.1,13.9,4,1,3
SPT-0283,PRJ-1045,Sprint 3,62,48,77.4,13.8,9,5,4
SPT-0284,PRJ-1047,Sprint 3,58,60,103.4,41.4,1,1,0
SPT-0285,PRJ-1048,Sprint 3,56,60,107.1,46.9,2,2,0
SPT-0286,PRJ-1050,Sprint 3,57,53,93.0,47.0,4,4,0
SPT-0287,PRJ-1051,Sprint 3,56,57,101.8,33.8,2,2,0
SPT-0288,PRJ-1052,Sprint 3,64,53,82.8,10.0,8,5,3
SPT-0289,PRJ-1053,Sprint 3,62,63,101.6,42.3,1,1,0
SPT-0290,PRJ-1054,Sprint 3,50,38,76.0,20.0,5,2,3
SPT-0291,PRJ-1055,Sprint 3,43,38,88.4,33.2,2,1,1
SPT-0292,PRJ-1056,Sprint 3,42,38,90.5,48.6,4,3,1
SPT-0293,PRJ-1057,Sprint 3,49,45,91.8,44.8,4,3,1
SPT-0294,PRJ-1059,Sprint 3,50,40,80.0,19.0,4,1,3
SPT-0295,PRJ-1060,Sprint 3,48,43,89.6,41.9,1,1,0
SPT-0296,PRJ-1062,Sprint 3,65,64,98.5,36.9,2,1,1
SPT-0297,PRJ-1063,Sprint 3,46,41,89.1,46.0,2,1,1
SPT-0298,PRJ-1064,Sprint 3,59,61,103.4,41.2,3,2,1
SPT-0299,PRJ-1065,Sprint 3,59,57,96.6,45.9,1,0,1
SPT-0300,PRJ-1066,Sprint 3,55,54,98.2,40.0,3,3,0
SPT-0301,PRJ-1067,Sprint 3,40,27,67.5,19.8,5,1,4
SPT-0302,PRJ-1068,Sprint 3,58,61,105.2,47.0,2,2,0
SPT-0303,PRJ-1071,Sprint 3,54,43,79.6,16.8,5,3,2
SPT-0304,PRJ-1072,Sprint 3,64,68,106.2,33.6,2,2,0
SPT-0305,PRJ-1073,Sprint 3,61,50,82.0,20.4,9,6,3
SPT-0306,PRJ-1074,Sprint 3,38,39,102.6,38.8,1,1,0
SPT-0307,PRJ-1076,Sprint 3,49,50,102.0,48.0,3,3,0
SPT-0308,PRJ-1077,Sprint 3,51,40,78.4,18.0,7,5,2
SPT-0309,PRJ-1079,Sprint 3,51,46,90.2,37.1,4,3,1
SPT-0310,PRJ-1080,Sprint 3,59,48,81.4,17.1,9,5,4
SPT-0311,PRJ-1081,Sprint 3,40,37,92.5,48.6,1,0,1
SPT-0312,PRJ-1083,Sprint 3,54,42,77.8,19.3,8,5,3
SPT-0313,PRJ-1084,Sprint 3,48,34,70.8,18.6,9,7,2
SPT-0314,PRJ-1085,Sprint 3,43,44,102.3,39.5,3,2,1
SPT-0315,PRJ-1088,Sprint 3,39,36,92.3,42.4,4,3,1
SPT-0316,PRJ-1089,Sprint 3,52,56,107.7,41.9,2,2,0
SPT-0317,PRJ-1090,Sprint 3,64,50,78.1,12.0,9,7,2
SPT-0318,PRJ-1091,Sprint 3,41,30,73.2,17.7,8,4,4
SPT-0319,PRJ-1092,Sprint 3,44,44,100.0,43.3,2,2,0
SPT-0320,PRJ-1093,Sprint 3,57,57,100.0,35.6,1,0,1
SPT-0321,PRJ-1094,Sprint 3,53,39,73.6,18.1,9,5,4
SPT-0322,PRJ-1095,Sprint 3,48,47,97.9,32.4,4,4,0
SPT-0323,PRJ-1096,Sprint 3,35,22,62.9,19.0,5,3,2
SPT-0324,PRJ-1097,Sprint 3,56,46,82.1,12.1,5,2,3
SPT-0325,PRJ-1098,Sprint 3,59,56,94.9,43.3,3,2,1
SPT-0326,PRJ-1099,Sprint 3,36,24,66.7,18.7,5,1,4
SPT-0327,PRJ-1100,Sprint 3,36,36,100.0,49.8,2,2,0
SPT-0328,PRJ-1101,Sprint 3,62,48,77.4,10.9,5,1,4
SPT-0329,PRJ-1102,Sprint 3,55,41,74.5,10.0,7,5,2
SPT-0330,PRJ-1103,Sprint 3,51,55,107.8,44.4,3,3,0
SPT-0331,PRJ-1104,Sprint 3,56,51,91.1,36.9,4,3,1
SPT-0332,PRJ-1105,Sprint 3,60,60,100.0,36.2,1,1,0
SPT-0333,PRJ-1107,Sprint 3,41,43,104.9,39.1,2,1,1
SPT-0334,PRJ-1108,Sprint 3,52,38,73.1,15.1,5,1,4
SPT-0335,PRJ-1109,Sprint 3,65,54,83.1,15.6,6,3,3
SPT-0336,PRJ-1111,Sprint 3,40,30,75.0,10.0,5,3,2
SPT-0337,PRJ-1112,Sprint 3,58,60,103.4,36.9,1,1,0
SPT-0338,PRJ-1114,Sprint 3,48,36,75.0,13.7,8,5,3
SPT-0339,PRJ-1115,Sprint 3,39,28,71.8,14.2,8,5,3
SPT-0340,PRJ-1116,Sprint 3,35,35,100.0,51.5,2,2,0
SPT-0341,PRJ-1117,Sprint 3,39,34,87.2,33.9,2,1,1
SPT-0342,PRJ-1118,Sprint 3,59,45,76.3,10.0,9,6,3
SPT-0343,PRJ-1119,Sprint 3,50,36,72.0,10.0,8,5,3
SPT-0344,PRJ-1120,Sprint 3,37,37,100.0,45.2,2,2,0
SPT-0345,PRJ-1122,Sprint 3,60,57,95.0,35.4,4,3,1
SPT-0346,PRJ-1123,Sprint 3,42,40,95.2,39.5,3,2,1
SPT-0347,PRJ-1124,Sprint 3,41,43,104.9,41.1,1,1,0
SPT-0348,PRJ-1125,Sprint 3,49,47,95.9,50.8,2,2,0
SPT-0349,PRJ-1126,Sprint 3,45,46,102.2,37.5,1,0,1
SPT-0350,PRJ-1127,Sprint 3,58,58,100.0,54.5,1,1,0
SPT-0351,PRJ-1128,Sprint 3,61,61,100.0,31.6,4,3,1
SPT-0352,PRJ-1129,Sprint 3,63,52,82.5,10.0,6,2,4
SPT-0353,PRJ-1130,Sprint 3,37,35,94.6,41.7,1,1,0
SPT-0354,PRJ-1131,Sprint 3,59,45,76.3,10.0,8,6,2
SPT-0355,PRJ-1132,Sprint 3,55,51,92.7,39.3,2,2,0
SPT-0356,PRJ-1133,Sprint 3,48,38,79.2,13.9,5,1,4
SPT-0357,PRJ-1134,Sprint 3,61,62,101.6,45.9,1,1,0
SPT-0358,PRJ-1135,Sprint 3,57,57,100.0,41.6,1,1,0
SPT-0359,PRJ-1136,Sprint 3,36,33,91.7,36.4,3,3,0
SPT-0360,PRJ-1138,Sprint 3,42,42,100.0,49.2,2,2,0
SPT-0361,PRJ-1139,Sprint 3,55,56,101.8,43.2,2,2,0
SPT-0362,PRJ-1140,Sprint 3,47,43,91.5,39.9,1,1,0
SPT-0363,PRJ-1141,Sprint 3,53,43,81.1,18.9,9,7,2
SPT-0364,PRJ-1142,Sprint 3,46,42,91.3,45.8,3,2,1
SPT-0365,PRJ-1143,Sprint 3,44,48,109.1,43.9,2,2,0
SPT-0366,PRJ-1144,Sprint 3,61,51,83.6,12.2,7,5,2
SPT-0367,PRJ-1145,Sprint 3,52,50,96.2,36.0,2,1,1
SPT-0368,PRJ-1146,Sprint 3,62,48,77.4,18.0,6,2,4
SPT-0369,PRJ-1147,Sprint 3,39,39,100.0,49.1,3,3,0
SPT-0370,PRJ-1148,Sprint 3,65,53,81.5,10.0,4,1,3
SPT-0371,PRJ-1149,Sprint 3,62,59,95.2,35.5,1,1,0
SPT-0372,PRJ-1150,Sprint 3,54,55,101.9,34.8,1,0,1
SPT-0373,PRJ-1002,Sprint 4,58,61,105.2,44.9,2,2,0
SPT-0374,PRJ-1004,Sprint 4,63,47,74.6,14.4,5,3,2
SPT-0375,PRJ-1006,Sprint 4,40,27,67.5,10.0,8,5,3
SPT-0376,PRJ-1007,Sprint 4,41,39,95.1,41.1,1,1,0
SPT-0377,PRJ-1008,Sprint 4,53,41,77.4,17.7,8,5,3
SPT-0378,PRJ-1009,Sprint 4,55,57,103.6,39.0,1,1,0
SPT-0379,PRJ-1010,Sprint 4,37,36,97.3,47.7,1,1,0
SPT-0380,PRJ-1011,Sprint 4,50,50,100.0,46.5,3,3,0
SPT-0381,PRJ-1012,Sprint 4,42,38,90.5,43.5,3,3,0
SPT-0382,PRJ-1013,Sprint 4,45,46,102.2,53.0,2,2,0
SPT-0383,PRJ-1014,Sprint 4,56,42,75.0,18.6,9,5,4
SPT-0384,PRJ-1015,Sprint 4,39,39,100.0,47.4,3,2,1
SPT-0385,PRJ-1016,Sprint 4,45,43,95.6,36.8,2,1,1
SPT-0386,PRJ-1017,Sprint 4,46,43,93.5,36.8,3,2,1
SPT-0387,PRJ-1019,Sprint 4,46,45,97.8,37.3,4,4,0
SPT-0388,PRJ-1020,Sprint 4,54,50,92.6,42.3,3,3,0
SPT-0389,PRJ-1021,Sprint 4,41,27,65.9,13.0,9,5,4
SPT-0390,PRJ-1024,Sprint 4,37,33,89.2,35.1,1,1,0
SPT-0391,PRJ-1026,Sprint 4,53,54,101.9,38.0,2,2,0
SPT-0392,PRJ-1027,Sprint 4,52,36,69.2,17.8,7,3,4
SPT-0393,PRJ-1029,Sprint 4,59,58,98.3,39.9,2,2,0
SPT-0394,PRJ-1030,Sprint 4,63,47,74.6,14.8,9,6,3
SPT-0395,PRJ-1031,Sprint 4,39,40,102.6,34.8,3,3,0
SPT-0396,PRJ-1032,Sprint 4,47,47,100.0,50.3,1,1,0
SPT-0397,PRJ-1033,Sprint 4,60,44,73.3,17.8,9,7,2
SPT-0398,PRJ-1034,Sprint 4,59,43,72.9,17.5,5,2,3
SPT-0399,PRJ-1035,Sprint 4,40,27,67.5,18.8,8,4,4
SPT-0400,PRJ-1036,Sprint 4,56,60,107.1,56.4,1,1,0
SPT-0401,PRJ-1038,Sprint 4,50,50,100.0,40.2,1,1,0
SPT-0402,PRJ-1039,Sprint 4,42,30,71.4,12.0,6,3,3
SPT-0403,PRJ-1040,Sprint 4,42,37,88.1,36.8,2,1,1
SPT-0404,PRJ-1041,Sprint 4,64,66,103.1,46.8,1,1,0
SPT-0405,PRJ-1043,Sprint 4,45,41,91.1,36.9,3,2,1
SPT-0406,PRJ-1044,Sprint 4,53,40,75.5,12.7,7,3,4
SPT-0407,PRJ-1045,Sprint 4,47,33,70.2,12.6,8,4,4
SPT-0408,PRJ-1047,Sprint 4,63,67,106.3,39.1,1,1,0
SPT-0409,PRJ-1048,Sprint 4,47,46,97.9,46.3,3,3,0
SPT-0410,PRJ-1050,Sprint 4,61,61,100.0,49.4,4,3,1
SPT-0411,PRJ-1051,Sprint 4,35,32,91.4,35.1,4,4,0
SPT-0412,PRJ-1052,Sprint 4,51,37,72.5,10.0,5,3,2
SPT-0413,PRJ-1053,Sprint 4,40,39,97.5,44.9,2,2,0
SPT-0414,PRJ-1054,Sprint 4,61,49,80.3,18.8,9,7,2
SPT-0415,PRJ-1055,Sprint 4,48,48,100.0,34.9,1,0,1
SPT-0416,PRJ-1056,Sprint 4,50,48,96.0,43.9,2,1,1
SPT-0417,PRJ-1057,Sprint 4,36,33,91.7,46.7,2,2,0
SPT-0418,PRJ-1059,Sprint 4,36,20,55.6,17.8,5,3,2
SPT-0419,PRJ-1060,Sprint 4,40,39,97.5,40.7,2,1,1
SPT-0420,PRJ-1062,Sprint 4,53,48,90.6,32.5,3,3,0
SPT-0421,PRJ-1063,Sprint 4,54,56,103.7,45.3,4,4,0
SPT-0422,PRJ-1064,Sprint 4,48,45,93.8,41.5,2,1,1
SPT-0423,PRJ-1065,Sprint 4,56,56,100.0,45.2,4,4,0
SPT-0424,PRJ-1066,Sprint 4,47,44,93.6,40.9,1,1,0
SPT-0425,PRJ-1067,Sprint 4,62,46,74.2,18.6,9,6,3
SPT-0426,PRJ-1068,Sprint 4,61,60,98.4,47.0,3,3,0
SPT-0427,PRJ-1071,Sprint 4,50,34,68.0,15.6,8,6,2
SPT-0428,PRJ-1072,Sprint 4,63,67,106.3,35.0,3,3,0
SPT-0429,PRJ-1073,Sprint 4,38,26,68.4,19.2,7,3,4
SPT-0430,PRJ-1074,Sprint 4,39,34,87.2,36.4,4,3,1
SPT-0431,PRJ-1076,Sprint 4,36,39,108.3,47.2,3,3,0
SPT-0432,PRJ-1077,Sprint 4,65,50,76.9,16.8,7,4,3
SPT-0433,PRJ-1079,Sprint 4,53,49,92.5,33.1,4,4,0
SPT-0434,PRJ-1080,Sprint 4,59,46,78.0,15.9,4,1,3
SPT-0435,PRJ-1081,Sprint 4,54,55,101.9,44.7,3,3,0
SPT-0436,PRJ-1083,Sprint 4,58,46,79.3,18.1,8,4,4
SPT-0437,PRJ-1084,Sprint 4,38,22,57.9,17.4,4,1,3
SPT-0438,PRJ-1085,Sprint 4,55,53,96.4,39.0,3,2,1
SPT-0439,PRJ-1088,Sprint 4,39,40,102.6,42.4,3,2,1
SPT-0440,PRJ-1089,Sprint 4,48,50,104.2,41.4,2,2,0
SPT-0441,PRJ-1090,Sprint 4,56,41,73.2,10.8,5,2,3
SPT-0442,PRJ-1091,Sprint 4,52,36,69.2,16.5,7,5,2
SPT-0443,PRJ-1092,Sprint 4,46,48,104.3,43.8,3,2,1
SPT-0444,PRJ-1093,Sprint 4,59,60,101.7,36.7,2,2,0
SPT-0445,PRJ-1094,Sprint 4,49,36,73.5,16.9,4,2,2
SPT-0446,PRJ-1095,Sprint 4,51,52,102.0,30.3,3,3,0
SPT-0447,PRJ-1096,Sprint 4,65,53,81.5,17.8,4,2,2
SPT-0448,PRJ-1097,Sprint 4,50,34,68.0,10.9,7,5,2
SPT-0449,PRJ-1098,Sprint 4,37,36,97.3,42.9,2,1,1
SPT-0450,PRJ-1099,Sprint 4,36,21,58.3,17.5,7,3,4
SPT-0451,PRJ-1100,Sprint 4,55,57,103.6,52.9,2,2,0
SPT-0452,PRJ-1101,Sprint 4,54,42,77.8,10.0,5,1,4
SPT-0453,PRJ-1102,Sprint 4,50,35,70.0,10.0,4,2,2
SPT-0454,PRJ-1103,Sprint 4,62,65,104.8,44.4,3,3,0
SPT-0455,PRJ-1104,Sprint 4,36,34,94.4,36.6,2,2,0
SPT-0456,PRJ-1105,Sprint 4,55,50,90.9,37.7,2,2,0
SPT-0457,PRJ-1107,Sprint 4,59,60,101.7,37.0,3,2,1
SPT-0458,PRJ-1108,Sprint 4,41,25,61.0,13.9,4,1,3
SPT-0459,PRJ-1109,Sprint 4,57,45,78.9,14.4,4,1,3
SPT-0460,PRJ-1111,Sprint 4,44,28,63.6,10.0,8,5,3
SPT-0461,PRJ-1112,Sprint 4,46,50,108.7,36.1,2,2,0
SPT-0462,PRJ-1114,Sprint 4,65,52,80.0,12.5,7,4,3
SPT-0463,PRJ-1115,Sprint 4,53,41,77.4,13.0,6,4,2
SPT-0464,PRJ-1116,Sprint 4,48,50,104.2,50.8,1,1,0
SPT-0465,PRJ-1117,Sprint 4,51,50,98.0,35.1,3,3,0
SPT-0466,PRJ-1118,Sprint 4,65,51,78.5,10.0,8,4,4
SPT-0467,PRJ-1119,Sprint 4,43,28,65.1,10.0,7,3,4
SPT-0468,PRJ-1120,Sprint 4,50,48,96.0,46.2,3,2,1
SPT-0469,PRJ-1122,Sprint 4,63,58,92.1,36.3,4,4,0
SPT-0470,PRJ-1123,Sprint 4,47,45,95.7,39.8,2,1,1
SPT-0471,PRJ-1124,Sprint 4,46,41,89.1,38.8,3,3,0
SPT-0472,PRJ-1125,Sprint 4,47,47,100.0,49.6,1,1,0
SPT-0473,PRJ-1126,Sprint 4,46,44,95.7,41.7,3,3,0
SPT-0474,PRJ-1127,Sprint 4,56,55,98.2,53.6,2,2,0
SPT-0475,PRJ-1128,Sprint 4,42,40,95.2,32.7,3,3,0
SPT-0476,PRJ-1129,Sprint 4,61,48,78.7,10.0,8,5,3
SPT-0477,PRJ-1130,Sprint 4,39,43,110.3,37.4,1,1,0
SPT-0478,PRJ-1131,Sprint 4,37,22,59.5,10.0,8,6,2
SPT-0479,PRJ-1132,Sprint 4,59,54,91.5,37.8,4,3,1
SPT-0480,PRJ-1133,Sprint 4,50,34,68.0,12.7,6,3,3
SPT-0481,PRJ-1134,Sprint 4,40,39,97.5,50.3,4,4,0
SPT-0482,PRJ-1135,Sprint 4,39,37,94.9,45.2,3,3,0
SPT-0483,PRJ-1136,Sprint 4,50,45,90.0,38.2,3,2,1
SPT-0484,PRJ-1138,Sprint 4,59,58,98.3,52.2,2,2,0
SPT-0485,PRJ-1139,Sprint 4,57,59,103.5,43.2,2,2,0
SPT-0486,PRJ-1140,Sprint 4,35,30,85.7,38.9,2,1,1
SPT-0487,PRJ-1141,Sprint 4,45,31,68.9,17.7,8,5,3
SPT-0488,PRJ-1142,Sprint 4,40,39,97.5,45.0,2,1,1
SPT-0489,PRJ-1143,Sprint 4,54,54,100.0,42.9,2,2,0
SPT-0490,PRJ-1144,Sprint 4,48,35,72.9,11.0,7,3,4
SPT-0491,PRJ-1145,Sprint 4,59,59,100.0,32.9,3,2,1
SPT-0492,PRJ-1146,Sprint 4,40,24,60.0,16.8,5,1,4
SPT-0493,PRJ-1147,Sprint 4,56,55,98.2,48.3,1,1,0
SPT-0494,PRJ-1148,Sprint 4,60,47,78.3,10.0,8,5,3
SPT-0495,PRJ-1149,Sprint 4,62,63,101.6,40.3,2,2,0
SPT-0496,PRJ-1150,Sprint 4,58,55,94.8,34.6,4,4,0
SPT-0497,PRJ-1002,Sprint 5,50,49,98.0,46.4,3,3,0
SPT-0498,PRJ-1004,Sprint 5,58,41,70.7,13.2,7,4,3
SPT-0499,PRJ-1006,Sprint 5,43,24,55.8,10.0,8,6,2
SPT-0500,PRJ-1007,Sprint 5,47,45,95.7,38.5,3,3,0
SPT-0501,PRJ-1008,Sprint 5,41,24,58.5,16.5,7,3,4
SPT-0502,PRJ-1009,Sprint 5,38,39,102.6,39.2,3,3,0
SPT-0503,PRJ-1010,Sprint 5,46,46,100.0,43.4,3,2,1
SPT-0504,PRJ-1011,Sprint 5,38,38,100.0,48.4,2,2,0
SPT-0505,PRJ-1012,Sprint 5,44,44,100.0,42.7,3,2,1
SPT-0506,PRJ-1013,Sprint 5,49,47,95.9,54.5,2,2,0
SPT-0507,PRJ-1014,Sprint 5,49,33,67.3,17.4,5,1,4
SPT-0508,PRJ-1015,Sprint 5,60,60,100.0,51.5,4,3,1
SPT-0509,PRJ-1016,Sprint 5,37,33,89.2,36.5,2,1,1
SPT-0510,PRJ-1017,Sprint 5,45,44,97.8,35.6,3,2,1
SPT-0511,PRJ-1019,Sprint 5,49,49,100.0,37.2,4,3,1
SPT-0512,PRJ-1020,Sprint 5,62,57,91.9,41.0,2,2,0
SPT-0513,PRJ-1021,Sprint 5,65,50,76.9,11.8,5,3,2
SPT-0514,PRJ-1024,Sprint 5,47,43,91.5,35.8,1,1,0
SPT-0515,PRJ-1026,Sprint 5,50,45,90.0,37.8,1,0,1
SPT-0516,PRJ-1027,Sprint 5,37,22,59.5,16.6,6,2,4
SPT-0517,PRJ-1029,Sprint 5,39,37,94.9,42.6,3,3,0
SPT-0518,PRJ-1030,Sprint 5,47,30,63.8,13.6,5,3,2
SPT-0519,PRJ-1031,Sprint 5,58,58,100.0,35.3,2,2,0
SPT-0520,PRJ-1032,Sprint 5,39,36,92.3,49.2,1,1,0
SPT-0521,PRJ-1033,Sprint 5,62,45,72.6,16.6,7,4,3
SPT-0522,PRJ-1034,Sprint 5,62,43,69.4,16.3,6,2,4
SPT-0523,PRJ-1035,Sprint 5,49,33,67.3,17.6,9,5,4
SPT-0524,PRJ-1036,Sprint 5,40,42,105.0,55.0,3,3,0
SPT-0525,PRJ-1038,Sprint 5,58,59,101.7,38.5,3,2,1
SPT-0526,PRJ-1039,Sprint 5,42,27,64.3,10.8,7,4,3
SPT-0527,PRJ-1040,Sprint 5,46,47,102.2,36.3,3,3,0
SPT-0528,PRJ-1041,Sprint 5,35,32,91.4,43.7,3,2,1
SPT-0529,PRJ-1043,Sprint 5,35,37,105.7,33.5,4,3,1
SPT-0530,PRJ-1044,Sprint 5,48,31,64.6,11.5,8,6,2
SPT-0531,PRJ-1045,Sprint 5,60,45,75.0,11.4,8,5,3
SPT-0532,PRJ-1047,Sprint 5,41,42,102.4,38.7,3,3,0
SPT-0533,PRJ-1048,Sprint 5,42,41,97.6,48.0,3,3,0
SPT-0534,PRJ-1050,Sprint 5,47,48,102.1,44.6,2,1,1
SPT-0535,PRJ-1051,Sprint 5,55,53,96.4,37.6,3,2,1
SPT-0536,PRJ-1052,Sprint 5,52,35,67.3,10.0,7,5,2
SPT-0537,PRJ-1053,Sprint 5,62,60,96.8,42.6,1,1,0
SPT-0538,PRJ-1054,Sprint 5,38,20,52.6,17.6,8,5,3
SPT-0539,PRJ-1055,Sprint 5,43,45,104.7,30.9,2,1,1
SPT-0540,PRJ-1056,Sprint 5,36,31,86.1,45.5,2,2,0
SPT-0541,PRJ-1057,Sprint 5,39,41,105.1,43.4,1,1,0
SPT-0542,PRJ-1059,Sprint 5,35,17,48.6,16.6,5,2,3
SPT-0543,PRJ-1060,Sprint 5,48,47,97.9,39.9,4,3,1
SPT-0544,PRJ-1062,Sprint 5,60,55,91.7,36.3,3,3,0
SPT-0545,PRJ-1063,Sprint 5,65,62,95.4,48.7,1,0,1
SPT-0546,PRJ-1064,Sprint 5,37,39,105.4,45.9,2,2,0
SPT-0547,PRJ-1065,Sprint 5,43,44,102.3,49.6,1,1,0
SPT-0548,PRJ-1066,Sprint 5,57,55,96.5,41.2,4,3,1
SPT-0549,PRJ-1067,Sprint 5,36,20,55.6,17.4,7,3,4
SPT-0550,PRJ-1068,Sprint 5,59,57,96.6,49.8,3,3,0
SPT-0551,PRJ-1071,Sprint 5,41,23,56.1,14.4,7,3,4
SPT-0552,PRJ-1072,Sprint 5,65,65,100.0,33.3,2,2,0
SPT-0553,PRJ-1073,Sprint 5,58,43,74.1,18.0,9,5,4
SPT-0554,PRJ-1074,Sprint 5,51,47,92.2,38.0,3,2,1
SPT-0555,PRJ-1076,Sprint 5,41,41,100.0,49.4,1,1,0
SPT-0556,PRJ-1077,Sprint 5,41,26,63.4,15.6,5,1,4
SPT-0557,PRJ-1079,Sprint 5,48,48,100.0,36.4,1,1,0
SPT-0558,PRJ-1080,Sprint 5,53,38,71.7,14.7,7,5,2
SPT-0559,PRJ-1081,Sprint 5,35,30,85.7,46.9,4,4,0
SPT-0560,PRJ-1083,Sprint 5,37,21,56.8,16.9,5,2,3
SPT-0561,PRJ-1084,Sprint 5,37,18,48.6,16.2,6,2,4
SPT-0562,PRJ-1085,Sprint 5,36,31,86.1,41.0,3,3,0
SPT-0563,PRJ-1088,Sprint 5,60,56,93.3,38.7,2,1,1
SPT-0564,PRJ-1089,Sprint 5,52,56,107.7,42.1,3,3,0
SPT-0565,PRJ-1090,Sprint 5,60,42,70.0,10.0,9,7,2
SPT-0566,PRJ-1091,Sprint 5,35,17,48.6,15.3,6,2,4
SPT-0567,PRJ-1092,Sprint 5,39,38,97.4,44.5,1,0,1
SPT-0568,PRJ-1093,Sprint 5,52,51,98.1,35.6,4,4,0
SPT-0569,PRJ-1094,Sprint 5,52,35,67.3,15.7,6,2,4
SPT-0570,PRJ-1095,Sprint 5,49,48,98.0,32.5,2,2,0
SPT-0571,PRJ-1096,Sprint 5,49,32,65.3,16.6,6,2,4
SPT-0572,PRJ-1097,Sprint 5,46,28,60.9,10.0,4,1,3
SPT-0573,PRJ-1098,Sprint 5,51,52,102.0,46.1,2,2,0
SPT-0574,PRJ-1099,Sprint 5,46,27,58.7,16.3,5,2,3
SPT-0575,PRJ-1100,Sprint 5,58,56,96.6,54.1,3,3,0
SPT-0576,PRJ-1101,Sprint 5,61,43,70.5,10.0,5,1,4
SPT-0577,PRJ-1102,Sprint 5,56,38,67.9,10.0,8,6,2
SPT-0578,PRJ-1103,Sprint 5,54,54,100.0,45.0,2,2,0
SPT-0579,PRJ-1104,Sprint 5,45,41,91.1,34.7,1,1,0
SPT-0580,PRJ-1105,Sprint 5,65,62,95.4,32.9,2,2,0
SPT-0581,PRJ-1107,Sprint 5,50,48,96.0,38.0,1,1,0
SPT-0582,PRJ-1108,Sprint 5,61,43,70.5,12.7,9,6,3
SPT-0583,PRJ-1109,Sprint 5,51,32,62.7,13.2,9,5,4
SPT-0584,PRJ-1111,Sprint 5,43,28,65.1,10.0,6,4,2
SPT-0585,PRJ-1112,Sprint 5,54,57,105.6,35.1,1,1,0
SPT-0586,PRJ-1114,Sprint 5,64,48,75.0,11.3,9,6,3
SPT-0587,PRJ-1115,Sprint 5,64,49,76.6,11.8,7,3,4
SPT-0588,PRJ-1116,Sprint 5,36,36,100.0,51.7,3,3,0
SPT-0589,PRJ-1117,Sprint 5,63,64,101.6,35.2,3,3,0
SPT-0590,PRJ-1118,Sprint 5,43,24,55.8,10.0,4,1,3
SPT-0591,PRJ-1119,Sprint 5,37,20,54.1,10.0,4,2,2
SPT-0592,PRJ-1120,Sprint 5,65,61,93.8,45.3,1,1,0
SPT-0593,PRJ-1122,Sprint 5,41,39,95.1,38.2,2,2,0
SPT-0594,PRJ-1123,Sprint 5,52,53,101.9,41.3,1,0,1
SPT-0595,PRJ-1124,Sprint 5,57,58,101.8,41.9,1,1,0
SPT-0596,PRJ-1125,Sprint 5,52,53,101.9,49.9,3,3,0
SPT-0597,PRJ-1126,Sprint 5,54,56,103.7,39.3,3,2,1
SPT-0598,PRJ-1127,Sprint 5,45,49,108.9,52.0,2,2,0
SPT-0599,PRJ-1128,Sprint 5,55,56,101.8,34.7,3,3,0
SPT-0600,PRJ-1129,Sprint 5,41,23,56.1,10.0,8,4,4
SPT-0601,PRJ-1130,Sprint 5,43,43,100.0,39.0,2,2,0
SPT-0602,PRJ-1131,Sprint 5,47,32,68.1,10.0,9,7,2
SPT-0603,PRJ-1132,Sprint 5,44,39,88.6,34.1,2,1,1
SPT-0604,PRJ-1133,Sprint 5,42,26,61.9,11.5,6,4,2
SPT-0605,PRJ-1134,Sprint 5,59,58,98.3,46.0,2,2,0
SPT-0606,PRJ-1135,Sprint 5,46,45,97.8,42.5,1,1,0
SPT-0607,PRJ-1136,Sprint 5,63,61,96.8,37.9,2,1,1
SPT-0608,PRJ-1138,Sprint 5,37,39,105.4,50.1,2,2,0
SPT-0609,PRJ-1139,Sprint 5,41,44,107.3,45.2,1,1,0
SPT-0610,PRJ-1140,Sprint 5,60,62,103.3,40.4,2,1,1
SPT-0611,PRJ-1141,Sprint 5,57,38,66.7,16.5,4,1,3
SPT-0612,PRJ-1142,Sprint 5,55,54,98.2,42.7,1,0,1
SPT-0613,PRJ-1143,Sprint 5,36,40,111.1,43.7,2,2,0
SPT-0614,PRJ-1144,Sprint 5,61,43,70.5,10.0,7,5,2
SPT-0615,PRJ-1145,Sprint 5,62,60,96.8,31.5,1,0,1
SPT-0616,PRJ-1146,Sprint 5,51,36,70.6,15.6,6,2,4
SPT-0617,PRJ-1147,Sprint 5,53,52,98.1,47.2,2,2,0
SPT-0618,PRJ-1148,Sprint 5,42,26,61.9,10.0,4,1,3
SPT-0619,PRJ-1149,Sprint 5,58,59,101.7,36.8,4,4,0
SPT-0620,PRJ-1150,Sprint 5,44,45,102.3,35.5,2,2,0
SPT-0621,PRJ-1002,Sprint 6,50,52,104.0,44.0,3,3,0
SPT-0622,PRJ-1004,Sprint 6,47,28,59.6,12.0,4,1,3
SPT-0623,PRJ-1006,Sprint 6,51,31,60.8,10.0,9,7,2
SPT-0624,PRJ-1007,Sprint 6,59,58,98.3,40.5,2,2,0
SPT-0625,PRJ-1008,Sprint 6,50,30,60.0,15.3,9,5,4
SPT-0626,PRJ-1009,Sprint 6,41,43,104.9,42.5,3,3,0
SPT-0627,PRJ-1010,Sprint 6,51,49,96.1,44.9,2,2,0
SPT-0628,PRJ-1011,Sprint 6,48,48,100.0,46.5,1,1,0
SPT-0629,PRJ-1012,Sprint 6,48,48,100.0,40.0,3,3,0
SPT-0630,PRJ-1013,Sprint 6,54,57,105.6,55.2,1,1,0
SPT-0631,PRJ-1014,Sprint 6,40,21,52.5,16.2,8,5,3
SPT-0632,PRJ-1015,Sprint 6,54,51,94.4,51.9,4,4,0
SPT-0633,PRJ-1016,Sprint 6,42,40,95.2,39.6,3,3,0
SPT-0634,PRJ-1017,Sprint 6,62,58,93.5,35.5,1,1,0
SPT-0635,PRJ-1019,Sprint 6,54,51,94.4,38.3,3,3,0
SPT-0636,PRJ-1020,Sprint 6,60,56,93.3,39.8,3,2,1
SPT-0637,PRJ-1021,Sprint 6,45,27,60.0,10.6,9,5,4
SPT-0638,PRJ-1024,Sprint 6,41,39,95.1,33.9,3,2,1
SPT-0639,PRJ-1026,Sprint 6,39,34,87.2,36.2,4,4,0
SPT-0640,PRJ-1027,Sprint 6,36,17,47.2,15.4,5,1,4
SPT-0641,PRJ-1029,Sprint 6,54,54,100.0,40.2,1,1,0
SPT-0642,PRJ-1030,Sprint 6,65,48,73.8,12.4,4,1,3
SPT-0643,PRJ-1031,Sprint 6,56,56,100.0,36.5,3,3,0
SPT-0644,PRJ-1032,Sprint 6,56,56,100.0,47.0,1,1,0
SPT-0645,PRJ-1033,Sprint 6,63,43,68.3,15.4,5,2,3
SPT-0646,PRJ-1034,Sprint 6,51,34,66.7,15.1,6,3,3
SPT-0647,PRJ-1035,Sprint 6,62,41,66.1,16.4,8,6,2
SPT-0648,PRJ-1036,Sprint 6,40,39,97.5,57.5,3,3,0
SPT-0649,PRJ-1038,Sprint 6,52,47,90.4,41.1,1,1,0
SPT-0650,PRJ-1039,Sprint 6,44,25,56.8,10.0,7,4,3
SPT-0651,PRJ-1040,Sprint 6,58,55,94.8,38.6,1,0,1
SPT-0652,PRJ-1041,Sprint 6,46,45,97.8,45.8,2,1,1
SPT-0653,PRJ-1043,Sprint 6,55,54,98.2,39.1,4,4,0
SPT-0654,PRJ-1044,Sprint 6,65,46,70.8,10.3,5,3,2
SPT-0655,PRJ-1045,Sprint 6,45,25,55.6,10.2,9,7,2
SPT-0656,PRJ-1047,Sprint 6,37,40,108.1,39.1,2,2,0
SPT-0657,PRJ-1048,Sprint 6,56,58,103.6,47.7,3,3,0
SPT-0658,PRJ-1050,Sprint 6,48,46,95.8,49.9,2,1,1
SPT-0659,PRJ-1051,Sprint 6,64,64,100.0,34.9,4,4,0
SPT-0660,PRJ-1052,Sprint 6,39,18,46.2,10.0,8,4,4
SPT-0661,PRJ-1053,Sprint 6,60,59,98.3,43.4,1,1,0
SPT-0662,PRJ-1054,Sprint 6,57,36,63.2,16.4,5,2,3
SPT-0663,PRJ-1055,Sprint 6,64,61,95.3,31.2,2,1,1
SPT-0664,PRJ-1056,Sprint 6,52,48,92.3,48.8,2,1,1
SPT-0665,PRJ-1057,Sprint 6,39,34,87.2,48.7,3,2,1
SPT-0666,PRJ-1059,Sprint 6,44,24,54.5,15.4,9,5,4
SPT-0667,PRJ-1060,Sprint 6,64,63,98.4,37.7,2,2,0
SPT-0668,PRJ-1062,Sprint 6,40,35,87.5,34.8,3,3,0
SPT-0669,PRJ-1063,Sprint 6,42,37,88.1,48.1,3,3,0
SPT-0670,PRJ-1064,Sprint 6,50,47,94.0,41.6,4,3,1
SPT-0671,PRJ-1065,Sprint 6,47,49,104.3,44.8,4,4,0
SPT-0672,PRJ-1066,Sprint 6,42,37,88.1,45.3,4,4,0
SPT-0673,PRJ-1067,Sprint 6,65,45,69.2,16.2,5,1,4
SPT-0674,PRJ-1068,Sprint 6,56,55,98.2,46.8,1,1,0
SPT-0675,PRJ-1071,Sprint 6,64,44,68.8,13.2,8,5,3
SPT-0676,PRJ-1072,Sprint 6,57,57,100.0,36.9,2,2,0
SPT-0677,PRJ-1073,Sprint 6,48,28,58.3,16.8,4,1,3
SPT-0678,PRJ-1074,Sprint 6,58,59,101.7,37.9,3,2,1
SPT-0679,PRJ-1076,Sprint 6,58,60,103.4,47.8,3,3,0
SPT-0680,PRJ-1077,Sprint 6,55,38,69.1,14.4,8,6,2
SPT-0681,PRJ-1079,Sprint 6,49,51,104.1,34.7,1,1,0
SPT-0682,PRJ-1080,Sprint 6,47,30,63.8,13.5,8,5,3
SPT-0683,PRJ-1081,Sprint 6,51,46,90.2,47.3,2,1,1
SPT-0684,PRJ-1083,Sprint 6,63,44,69.8,15.7,6,3,3
SPT-0685,PRJ-1084,Sprint 6,40,20,50.0,15.0,6,2,4
SPT-0686,PRJ-1085,Sprint 6,64,59,92.2,41.8,2,1,1
SPT-0687,PRJ-1088,Sprint 6,49,45,91.8,42.0,1,1,0
SPT-0688,PRJ-1089,Sprint 6,65,68,104.6,39.0,3,3,0
SPT-0689,PRJ-1090,Sprint 6,48,29,60.4,10.0,7,5,2
SPT-0690,PRJ-1091,Sprint 6,40,20,50.0,14.1,8,4,4
SPT-0691,PRJ-1092,Sprint 6,63,61,96.8,41.8,4,4,0
SPT-0692,PRJ-1093,Sprint 6,57,54,94.7,32.9,1,1,0
SPT-0693,PRJ-1094,Sprint 6,49,30,61.2,14.5,4,1,3
SPT-0694,PRJ-1095,Sprint 6,57,58,101.8,32.6,2,1,1
SPT-0695,PRJ-1096,Sprint 6,36,18,50.0,15.4,6,2,4
SPT-0696,PRJ-1097,Sprint 6,62,44,71.0,10.0,5,3,2
SPT-0697,PRJ-1098,Sprint 6,40,35,87.5,44.3,4,3,1
SPT-0698,PRJ-1099,Sprint 6,59,39,66.1,15.1,6,2,4
SPT-0699,PRJ-1100,Sprint 6,40,38,95.0,54.1,1,1,0
SPT-0700,PRJ-1101,Sprint 6,35,14,40.0,10.0,6,4,2
SPT-0701,PRJ-1102,Sprint 6,49,29,59.2,10.0,7,3,4
SPT-0702,PRJ-1103,Sprint 6,60,58,96.7,47.4,3,3,0
SPT-0703,PRJ-1104,Sprint 6,42,40,95.2,36.9,4,3,1
SPT-0704,PRJ-1105,Sprint 6,37,32,86.5,35.4,2,1,1
SPT-0705,PRJ-1107,Sprint 6,52,50,96.2,35.5,1,1,0
SPT-0706,PRJ-1108,Sprint 6,55,36,65.5,11.5,4,2,2
SPT-0707,PRJ-1109,Sprint 6,62,45,72.6,12.0,9,5,4
SPT-0708,PRJ-1111,Sprint 6,61,40,65.6,10.0,6,3,3
SPT-0709,PRJ-1112,Sprint 6,64,62,96.9,35.5,1,1,0
SPT-0710,PRJ-1114,Sprint 6,40,22,55.0,10.1,9,6,3
SPT-0711,PRJ-1115,Sprint 6,54,33,61.1,10.6,8,4,4
SPT-0712,PRJ-1116,Sprint 6,40,41,102.5,50.9,3,3,0
SPT-0713,PRJ-1117,Sprint 6,64,59,92.2,32.2,1,0,1
SPT-0714,PRJ-1118,Sprint 6,63,43,68.3,10.0,4,1,3
SPT-0715,PRJ-1119,Sprint 6,61,40,65.6,10.0,4,1,3
SPT-0716,PRJ-1120,Sprint 6,50,47,94.0,44.1,1,0,1
SPT-0717,PRJ-1122,Sprint 6,48,46,95.8,35.5,2,2,0
SPT-0718,PRJ-1123,Sprint 6,58,54,93.1,39.9,4,3,1
SPT-0719,PRJ-1124,Sprint 6,62,62,100.0,42.7,3,2,1
SPT-0720,PRJ-1125,Sprint 6,54,56,103.7,51.5,4,3,1
SPT-0721,PRJ-1126,Sprint 6,63,61,96.8,36.0,3,3,0
SPT-0722,PRJ-1127,Sprint 6,35,36,102.9,53.9,3,3,0
SPT-0723,PRJ-1128,Sprint 6,58,56,96.6,31.6,4,3,1
SPT-0724,PRJ-1129,Sprint 6,46,25,54.3,10.0,9,7,2
SPT-0725,PRJ-1130,Sprint 6,35,38,108.6,40.3,1,1,0
SPT-0726,PRJ-1131,Sprint 6,43,26,60.5,10.0,6,3,3
SPT-0727,PRJ-1132,Sprint 6,51,51,100.0,38.2,1,1,0
SPT-0728,PRJ-1133,Sprint 6,45,25,55.6,10.3,9,5,4
SPT-0729,PRJ-1134,Sprint 6,54,49,90.7,47.8,2,2,0
SPT-0730,PRJ-1135,Sprint 6,45,48,106.7,45.8,2,2,0
SPT-0731,PRJ-1136,Sprint 6,60,55,91.7,33.9,2,1,1
SPT-0732,PRJ-1138,Sprint 6,49,53,108.2,51.8,3,3,0
SPT-0733,PRJ-1139,Sprint 6,49,53,108.2,46.2,2,2,0
SPT-0734,PRJ-1140,Sprint 6,36,35,97.2,36.6,3,3,0
SPT-0735,PRJ-1141,Sprint 6,56,37,66.1,15.3,6,4,2
SPT-0736,PRJ-1142,Sprint 6,39,38,97.4,48.1,1,0,1
SPT-0737,PRJ-1143,Sprint 6,55,57,103.6,44.9,1,1,0
SPT-0738,PRJ-1144,Sprint 6,47,29,61.7,10.0,8,6,2
SPT-0739,PRJ-1145,Sprint 6,62,61,98.4,32.8,3,3,0
SPT-0740,PRJ-1146,Sprint 6,37,17,45.9,14.4,5,2,3
SPT-0741,PRJ-1147,Sprint 6,49,53,108.2,45.8,2,2,0
SPT-0742,PRJ-1148,Sprint 6,44,26,59.1,10.0,4,1,3
SPT-0743,PRJ-1149,Sprint 6,60,55,91.7,38.2,2,2,0
SPT-0744,PRJ-1150,Sprint 6,35,37,105.7,35.5,2,2,0
SPT-0745,PRJ-1002,Sprint 7,50,53,106.0,45.4,3,3,0
SPT-0746,PRJ-1004,Sprint 7,45,24,53.3,10.8,4,1,3
SPT-0747,PRJ-1006,Sprint 7,56,35,62.5,10.0,5,1,4
SPT-0748,PRJ-1007,Sprint 7,36,37,102.8,41.3,2,2,0
SPT-0749,PRJ-1008,Sprint 7,51,31,60.8,14.1,4,1,3
SPT-0750,PRJ-1009,Sprint 7,64,62,96.9,41.7,3,3,0
SPT-0751,PRJ-1010,Sprint 7,62,58,93.5,48.6,3,2,1
SPT-0752,PRJ-1011,Sprint 7,38,37,97.4,46.3,1,0,1
SPT-0753,PRJ-1012,Sprint 7,41,41,100.0,39.8,2,2,0
SPT-0754,PRJ-1013,Sprint 7,52,52,100.0,54.8,2,2,0
SPT-0755,PRJ-1014,Sprint 7,43,22,51.2,15.0,5,2,3
SPT-0756,PRJ-1015,Sprint 7,38,33,86.8,49.7,1,1,0
SPT-0757,PRJ-1016,Sprint 7,52,52,100.0,40.8,3,3,0
SPT-0758,PRJ-1017,Sprint 7,60,59,98.3,34.4,2,2,0
SPT-0759,PRJ-1019,Sprint 7,54,54,100.0,37.0,4,4,0
SPT-0760,PRJ-1020,Sprint 7,50,45,90.0,37.3,1,0,1
SPT-0761,PRJ-1021,Sprint 7,48,25,52.1,10.0,5,1,4
SPT-0762,PRJ-1024,Sprint 7,54,56,103.7,32.2,3,2,1
SPT-0763,PRJ-1026,Sprint 7,41,37,90.2,35.3,4,4,0
SPT-0764,PRJ-1027,Sprint 7,60,37,61.7,14.2,4,1,3
SPT-0765,PRJ-1029,Sprint 7,44,47,106.8,41.5,3,3,0
SPT-0766,PRJ-1030,Sprint 7,49,26,53.1,11.2,5,3,2
SPT-0767,PRJ-1031,Sprint 7,39,43,110.3,33.5,3,3,0
SPT-0768,PRJ-1032,Sprint 7,46,47,102.2,49.9,2,1,1
SPT-0769,PRJ-1033,Sprint 7,63,41,65.1,14.2,7,4,3
SPT-0770,PRJ-1034,Sprint 7,35,15,42.9,13.9,7,5,2
SPT-0771,PRJ-1035,Sprint 7,46,23,50.0,15.2,7,5,2
SPT-0772,PRJ-1036,Sprint 7,44,48,109.1,55.7,2,2,0
SPT-0773,PRJ-1038,Sprint 7,39,35,89.7,37.6,4,4,0
SPT-0774,PRJ-1039,Sprint 7,55,35,63.6,10.0,6,2,4
SPT-0775,PRJ-1040,Sprint 7,49,50,102.0,38.2,4,4,0
SPT-0776,PRJ-1041,Sprint 7,52,49,94.2,41.3,4,3,1
SPT-0777,PRJ-1043,Sprint 7,41,42,102.4,36.7,4,3,1
SPT-0778,PRJ-1044,Sprint 7,42,21,50.0,10.0,9,5,4
SPT-0779,PRJ-1045,Sprint 7,37,13,35.1,10.0,7,5,2
SPT-0780,PRJ-1047,Sprint 7,53,55,103.8,38.1,2,2,0
SPT-0781,PRJ-1048,Sprint 7,38,42,110.5,45.2,2,2,0
SPT-0782,PRJ-1050,Sprint 7,65,66,101.5,48.2,1,1,0
SPT-0783,PRJ-1051,Sprint 7,54,55,101.9,37.6,3,2,1
SPT-0784,PRJ-1052,Sprint 7,36,16,44.4,10.0,5,3,2
SPT-0785,PRJ-1053,Sprint 7,63,65,103.2,45.9,3,3,0
SPT-0786,PRJ-1054,Sprint 7,59,38,64.4,15.2,9,7,2
SPT-0787,PRJ-1055,Sprint 7,49,48,98.0,32.0,4,3,1
SPT-0788,PRJ-1056,Sprint 7,56,56,100.0,49.3,3,2,1
SPT-0789,PRJ-1057,Sprint 7,64,65,101.6,46.4,3,3,0
SPT-0790,PRJ-1059,Sprint 7,54,30,55.6,14.2,7,5,2
SPT-0791,PRJ-1060,Sprint 7,62,61,98.4,42.5,1,0,1
SPT-0792,PRJ-1062,Sprint 7,65,60,92.3,31.9,1,0,1
SPT-0793,PRJ-1063,Sprint 7,44,39,88.6,48.2,2,1,1
SPT-0794,PRJ-1064,Sprint 7,47,47,100.0,42.8,4,3,1
SPT-0795,PRJ-1065,Sprint 7,52,50,96.2,44.6,2,1,1
SPT-0796,PRJ-1066,Sprint 7,52,53,101.9,40.6,3,2,1
SPT-0797,PRJ-1067,Sprint 7,62,41,66.1,15.0,5,3,2
SPT-0798,PRJ-1068,Sprint 7,37,40,108.1,47.2,1,1,0
SPT-0799,PRJ-1071,Sprint 7,63,40,63.5,12.0,9,6,3
SPT-0800,PRJ-1072,Sprint 7,39,37,94.9,35.7,1,1,0
SPT-0801,PRJ-1073,Sprint 7,48,25,52.1,15.6,9,5,4
SPT-0802,PRJ-1074,Sprint 7,64,65,101.6,37.3,2,1,1
SPT-0803,PRJ-1076,Sprint 7,52,56,107.7,47.0,2,2,0
SPT-0804,PRJ-1077,Sprint 7,42,21,50.0,13.2,7,3,4
SPT-0805,PRJ-1079,Sprint 7,35,37,105.7,34.1,2,1,1
SPT-0806,PRJ-1080,Sprint 7,52,28,53.8,12.3,6,4,2
SPT-0807,PRJ-1081,Sprint 7,36,38,105.6,48.2,3,3,0
SPT-0808,PRJ-1083,Sprint 7,65,45,69.2,14.5,5,1,4
SPT-0809,PRJ-1084,Sprint 7,58,34,58.6,13.8,6,3,3
SPT-0810,PRJ-1085,Sprint 7,51,47,92.2,39.6,1,1,0
SPT-0811,PRJ-1088,Sprint 7,58,54,93.1,42.7,3,3,0
SPT-0812,PRJ-1089,Sprint 7,52,56,107.7,40.6,1,1,0
SPT-0813,PRJ-1090,Sprint 7,51,28,54.9,10.0,8,4,4
SPT-0814,PRJ-1091,Sprint 7,45,22,48.9,12.9,6,3,3
SPT-0815,PRJ-1092,Sprint 7,44,41,93.2,44.7,1,0,1
SPT-0816,PRJ-1093,Sprint 7,53,52,98.1,35.7,1,0,1
SPT-0817,PRJ-1094,Sprint 7,53,33,62.3,13.3,9,6,3
SPT-0818,PRJ-1095,Sprint 7,60,55,91.7,29.8,3,2,1
SPT-0819,PRJ-1096,Sprint 7,51,31,60.8,14.2,6,3,3
SPT-0820,PRJ-1097,Sprint 7,39,15,38.5,10.0,6,3,3
SPT-0821,PRJ-1098,Sprint 7,62,61,98.4,46.0,1,1,0
SPT-0822,PRJ-1099,Sprint 7,64,40,62.5,13.9,9,7,2
SPT-0823,PRJ-1100,Sprint 7,56,57,101.8,53.3,2,2,0
SPT-0824,PRJ-1101,Sprint 7,43,22,51.2,10.0,7,5,2
SPT-0825,PRJ-1102,Sprint 7,60,36,60.0,10.0,4,1,3
SPT-0826,PRJ-1103,Sprint 7,37,36,97.3,47.7,3,3,0
SPT-0827,PRJ-1104,Sprint 7,39,41,105.1,35.8,4,3,1
SPT-0828,PRJ-1105,Sprint 7,49,46,93.9,32.0,2,1,1
SPT-0829,PRJ-1107,Sprint 7,43,39,90.7,37.4,1,1,0
SPT-0830,PRJ-1108,Sprint 7,50,28,56.0,10.3,7,3,4
SPT-0831,PRJ-1109,Sprint 7,65,41,63.1,10.8,5,2,3
SPT-0832,PRJ-1111,Sprint 7,56,33,58.9,10.0,7,4,3
SPT-0833,PRJ-1112,Sprint 7,39,41,105.1,35.1,2,2,0
SPT-0834,PRJ-1114,Sprint 7,64,41,64.1,10.0,7,3,4
SPT-0835,PRJ-1115,Sprint 7,45,21,46.7,10.0,9,7,2
SPT-0836,PRJ-1116,Sprint 7,38,40,105.3,49.8,3,3,0
SPT-0837,PRJ-1117,Sprint 7,62,63,101.6,31.9,3,2,1
SPT-0838,PRJ-1118,Sprint 7,60,40,66.7,10.0,6,2,4
SPT-0839,PRJ-1119,Sprint 7,53,30,56.6,10.0,7,3,4
SPT-0840,PRJ-1120,Sprint 7,58,56,96.6,46.2,2,1,1
SPT-0841,PRJ-1122,Sprint 7,40,40,100.0,39.8,1,1,0
SPT-0842,PRJ-1123,Sprint 7,35,36,102.9,41.4,1,1,0
SPT-0843,PRJ-1124,Sprint 7,46,44,95.7,38.3,3,2,1
SPT-0844,PRJ-1125,Sprint 7,35,31,88.6,52.4,1,1,0
SPT-0845,PRJ-1126,Sprint 7,55,51,92.7,41.1,1,1,0
SPT-0846,PRJ-1127,Sprint 7,39,40,102.6,53.7,3,3,0
SPT-0847,PRJ-1128,Sprint 7,55,52,94.5,32.8,1,1,0
SPT-0848,PRJ-1129,Sprint 7,49,29,59.2,10.0,9,6,3
SPT-0849,PRJ-1130,Sprint 7,64,64,100.0,40.3,2,2,0
SPT-0850,PRJ-1131,Sprint 7,56,34,60.7,10.0,6,4,2
SPT-0851,PRJ-1132,Sprint 7,59,55,93.2,36.4,3,3,0
SPT-0852,PRJ-1133,Sprint 7,45,25,55.6,10.0,6,3,3
SPT-0853,PRJ-1134,Sprint 7,40,42,105.0,51.7,1,0,1
SPT-0854,PRJ-1135,Sprint 7,41,43,104.9,42.1,2,2,0
SPT-0855,PRJ-1136,Sprint 7,50,46,92.0,34.3,2,1,1
SPT-0856,PRJ-1138,Sprint 7,55,53,96.4,50.9,2,2,0
SPT-0857,PRJ-1139,Sprint 7,38,36,94.7,42.0,1,1,0
SPT-0858,PRJ-1140,Sprint 7,58,57,98.3,40.8,4,4,0
SPT-0859,PRJ-1141,Sprint 7,39,19,48.7,14.1,4,1,3
SPT-0860,PRJ-1142,Sprint 7,47,46,97.9,47.6,2,1,1
SPT-0861,PRJ-1143,Sprint 7,53,51,96.2,45.5,3,3,0
SPT-0862,PRJ-1144,Sprint 7,59,36,61.0,10.0,7,4,3
SPT-0863,PRJ-1145,Sprint 7,47,43,91.5,33.5,2,2,0
SPT-0864,PRJ-1146,Sprint 7,57,34,59.6,13.2,4,1,3
SPT-0865,PRJ-1147,Sprint 7,52,52,100.0,48.1,2,2,0
SPT-0866,PRJ-1148,Sprint 7,47,27,57.4,10.0,9,5,4
SPT-0867,PRJ-1149,Sprint 7,37,37,100.0,40.5,3,3,0
SPT-0868,PRJ-1150,Sprint 7,59,58,98.3,36.8,2,2,0
SPT-0869,PRJ-1002,Sprint 8,65,66,101.5,44.8,3,3,0
SPT-0870,PRJ-1004,Sprint 8,57,32,56.1,10.0,4,1,3
SPT-0871,PRJ-1006,Sprint 8,57,33,57.9,10.0,7,5,2
SPT-0872,PRJ-1007,Sprint 8,63,66,104.8,41.4,2,2,0
SPT-0873,PRJ-1008,Sprint 8,39,17,43.6,12.9,5,3,2
SPT-0874,PRJ-1009,Sprint 8,58,60,103.4,39.9,1,1,0
SPT-0875,PRJ-1010,Sprint 8,37,36,97.3,49.1,4,3,1
SPT-0876,PRJ-1011,Sprint 8,35,30,85.7,44.5,3,3,0
SPT-0877,PRJ-1012,Sprint 8,58,53,91.4,39.4,4,4,0
SPT-0878,PRJ-1013,Sprint 8,55,58,105.5,53.7,3,3,0
SPT-0879,PRJ-1014,Sprint 8,56,30,53.6,13.8,5,1,4
SPT-0880,PRJ-1015,Sprint 8,53,51,96.2,50.8,1,1,0
SPT-0881,PRJ-1016,Sprint 8,50,45,90.0,36.6,4,4,0
SPT-0882,PRJ-1017,Sprint 8,55,52,94.5,37.8,1,1,0
SPT-0883,PRJ-1019,Sprint 8,63,62,98.4,39.9,1,0,1
SPT-0884,PRJ-1020,Sprint 8,61,57,93.4,40.0,1,1,0
SPT-0885,PRJ-1021,Sprint 8,60,34,56.7,10.0,5,3,2
SPT-0886,PRJ-1024,Sprint 8,60,58,96.7,35.1,4,3,1
SPT-0887,PRJ-1026,Sprint 8,58,59,101.7,40.6,3,3,0
SPT-0888,PRJ-1027,Sprint 8,53,27,50.9,13.0,5,2,3
SPT-0889,PRJ-1029,Sprint 8,61,65,106.6,41.7,1,1,0
SPT-0890,PRJ-1030,Sprint 8,53,30,56.6,10.0,6,4,2
SPT-0891,PRJ-1031,Sprint 8,38,38,100.0,36.0,1,1,0
SPT-0892,PRJ-1032,Sprint 8,40,40,100.0,46.7,2,1,1
SPT-0893,PRJ-1033,Sprint 8,53,31,58.5,13.0,5,3,2
SPT-0894,PRJ-1034,Sprint 8,60,34,56.7,12.7,7,5,2
SPT-0895,PRJ-1035,Sprint 8,35,10,28.6,14.0,4,2,2
SPT-0896,PRJ-1036,Sprint 8,35,34,97.1,56.2,1,1,0
SPT-0897,PRJ-1038,Sprint 8,53,52,98.1,39.8,4,3,1
SPT-0898,PRJ-1039,Sprint 8,41,18,43.9,10.0,9,6,3
SPT-0899,PRJ-1040,Sprint 8,51,53,103.9,40.1,4,4,0
SPT-0900,PRJ-1041,Sprint 8,54,49,90.7,44.6,2,1,1
